index,footprint,activity_id,unit_type,country,year,id,rank
0,Stationary combustion Natural gas,fuel-type_other_natural_gas_liquids-fuel_use_stationary_combustion,Weight,AU,2023,1384f37b-0769-4e4f-b093-3cb57147afa5,1
1,Stationary combustion Natural gas,fuel-type_other_natural_gas_liquids-fuel_use_stationary_combustion,Energy,AU,2023,ae6d8ced-b3d5-423e-a909-1ec254b3d6e1,1
2,Stationary combustion Natural gas,fuel-type_natural_gas-fuel_use_stationary_combustion,Energy,US,2021,27ca716b-ac5d-46cd-8075-6df48c0687c0,2
3,Stationary combustion Natural gas,fuel-type_natural_gas-fuel_use_stationary_combustion,Volume,US,2023,2c95cc42-245f-4d9f-bd12-f63cf285861c,2
4,Stationary combustion Natural gas,fuel-type_natural_gas-fuel_use_stationary_combustion,Volume,US,2022,30a6427c-cb27-4e2b-a082-59377e7e4591,2
5,Stationary combustion Natural gas,fuel-type_natural_gas-fuel_use_stationary_combustion,Energy,US,2022,4813f2dc-e8f6-4688-aea9-d89aa3f0a898,2
6,Stationary combustion Natural gas,fuel-type_natural_gas-fuel_use_stationary_combustion,Energy,US,2023,5946165a-b87e-4dd6-9224-234928000039,2
7,Stationary combustion Natural gas,fuel-type_natural_gas-fuel_use_stationary_combustion,Energy,US,2024,8c9e839e-9e63-4cfa-87d7-4d17cfcb3963,2
8,Stationary combustion Natural gas,fuel-type_natural_gas-fuel_use_stationary_combustion,Volume,US,2024,a621d492-1397-4b17-9a75-451d76fc9dc1,2
9,Stationary combustion Natural gas,fuel-type_natural_gas-fuel_use_stationary_combustion,Energy,US,2021,e9458200-6971-4f6e-b365-55005728f45e,2
10,Stationary combustion Natural gas,fuel-type_natural_gas-fuel_use_stationary_combustion,Volume,US,2021,ec5409c7-d83e-4628-9f50-0fe8cabaf19d,2
11,Stationary combustion Natural gas,fuel-type_liquefied_petroleum_gases-fuel_use_stationary_combustion,Energy,US,2021,607ca607-027e-4471-8a59-037e9d0633a4,3
12,Stationary combustion Natural gas,fuel-type_other_biomass_gases-fuel_use_stationary_combustion,Energy,US,2021,a9f0c6e5-9a4a-4157-a7ff-33c0428d1a56,4
13,Stationary combustion Natural gas,fuel-type_other_biomass_gases-fuel_use_stationary_combustion,Volume,US,2024,8da203c2-cad5-44e3-88f3-8c20809541f6,4
14,Stationary combustion Natural gas,fuel-type_other_biomass_gases-fuel_use_stationary_combustion,Energy,US,2022,849c9604-5c00-4ada-8a52-7432ff1f190c,4
15,Stationary combustion Natural gas,fuel-type_other_biomass_gases-fuel_use_stationary_combustion,Energy,US,2024,750a9fec-0747-4370-91d2-6e2e5301b778,4
16,Stationary combustion Natural gas,fuel-type_other_biomass_gases-fuel_use_stationary_combustion,Volume,US,2021,009978d7-625c-437b-a3af-cf16300ffab3,4
17,Stationary combustion Natural gas,fuel-type_other_biomass_gases-fuel_use_stationary_combustion,Energy,US,2021,6c0732c5-8f55-4c2f-8024-a4e2d230ac29,4
18,Stationary combustion Natural gas,fuel-type_other_biomass_gases-fuel_use_stationary_combustion,Energy,US,2023,0dc83cb5-bde1-4448-815b-7a4ce3253a27,4
19,Stationary combustion Natural gas,fuel-type_other_biomass_gases-fuel_use_stationary_combustion,Volume,US,2023,0c61c299-eb3b-49ce-97a5-c7539620c87e,4
20,Stationary combustion Natural gas,fuel-type_other_biomass_gases-fuel_use_stationary_combustion,Volume,US,2022,74c86e00-5279-4b64-9c7f-ba9a024567ef,4
21,Stationary combustion Natural gas,fuel-type_butane-fuel_use_stationary_combustion,Volume,US,2024,eb7998d1-8646-4dba-9ef5-70e8d4925d7b,5
22,Stationary combustion Natural gas,fuel-type_butane-fuel_use_stationary_combustion,Energy,US,2024,f721345c-82b9-4699-b59c-9fc36b9db84c,5
23,Stationary combustion Natural gas,fuel-type_butane-fuel_use_stationary_combustion,Volume,US,2023,f6a70e67-6bd6-4432-a5e0-2042b156862b,5
24,Stationary combustion Natural gas,fuel-type_butane-fuel_use_stationary_combustion,Energy,US,2023,d4fa5dde-e3f4-41ec-826c-b5ee9fe08714,5
25,Stationary combustion Natural gas,fuel-type_butane-fuel_use_stationary_combustion,Energy,US,2021,4b0fe5cf-b298-424d-8f44-0dfc66d0491f,5
26,Stationary combustion Natural gas,fuel-type_butane-fuel_use_stationary_combustion,Energy,US,2022,61f0bd97-9f4c-4ace-b1dd-e6b76fb07c0a,5
27,Stationary combustion Natural gas,fuel-type_butane-fuel_use_stationary_combustion,Energy,US,2021,61d7176f-7367-4427-b698-87fe16088324,5
28,Stationary combustion Natural gas,fuel-type_butane-fuel_use_stationary_combustion,Volume,US,2022,544364d8-1640-4e0a-ba82-6b705f9ea489,5
29,Stationary combustion Natural gas,fuel-type_butane-fuel_use_stationary_combustion,Volume,US,2021,c98e0fa1-ca51-4a34-a0b7-5306fa02f74f,5
30,Stationary combustion Natural gas,fuel-type_unfinished_oils-fuel_use_stationary_combustion,Energy,US,2022,b953b5cc-ebc3-4fb9-83ec-4c67c220df17,6
31,Stationary combustion Natural gas,fuel-type_unfinished_oils-fuel_use_stationary_combustion,Energy,US,2021,b48030ad-711a-46fd-afae-65f9dcd39b90,6
32,Stationary combustion Natural gas,fuel-type_unfinished_oils-fuel_use_stationary_combustion,Energy,US,2021,a78366ae-c854-479f-9ad9-f515f3a3ba29,6
33,Stationary combustion Natural gas,fuel-type_unfinished_oils-fuel_use_stationary_combustion,Volume,US,2022,97ba4b72-8018-4448-bff8-c1d4b7ed5a3d,6
34,Stationary combustion Natural gas,fuel-type_unfinished_oils-fuel_use_stationary_combustion,Volume,US,2023,84009756-9bce-4f58-a496-698375d63da3,6
35,Stationary combustion Natural gas,fuel-type_unfinished_oils-fuel_use_stationary_combustion,Energy,US,2024,72367c2f-03ee-418a-8554-5ee3be1e5027,6
36,Stationary combustion Natural gas,fuel-type_unfinished_oils-fuel_use_stationary_combustion,Volume,US,2024,18874a08-6c2e-4475-8418-623296b89117,6
37,Stationary combustion Natural gas,fuel-type_unfinished_oils-fuel_use_stationary_combustion,Energy,US,2023,0a8aa6f3-5740-4d50-a9ad-cd0629ae9dcc,6
38,Stationary combustion Natural gas,fuel-type_unfinished_oils-fuel_use_stationary_combustion,Volume,US,2021,79d3965e-37b1-4c73-b3c0-26532726b06d,6
39,Stationary combustion Natural gas,fuel-type_coke_oven_gas-fuel_use_stationary_combustion,Volume,US,2022,69e9c083-7998-47d1-870c-182cce795887,7
40,Stationary combustion Natural gas,fuel-type_coke_oven_gas-fuel_use_stationary_combustion,Volume,US,2021,9474fc8a-1749-41b8-8c45-0ad8b006ca5f,7
41,Stationary combustion Natural gas,fuel-type_coke_oven_gas-fuel_use_stationary_combustion,Energy,US,2021,6d5639fc-3cb5-4a41-b595-fbbd25d1a97c,7
42,Stationary combustion Natural gas,fuel-type_coke_oven_gas-fuel_use_stationary_combustion,Energy,US,2023,5f2eed12-b7aa-45e6-89ac-5c203030ca47,7
43,Stationary combustion Natural gas,fuel-type_coke_oven_gas-fuel_use_stationary_combustion,Volume,US,2024,d56ccf30-d6e2-4ae1-854a-7519a8460aba,7
44,Stationary combustion Natural gas,fuel-type_coke_oven_gas-fuel_use_stationary_combustion,Energy,US,2024,3422bb43-3bba-4be9-829a-0e3e5068ebb7,7
45,Stationary combustion Natural gas,fuel-type_coke_oven_gas-fuel_use_stationary_combustion,Energy,US,2022,299b9403-73f4-45c6-b10b-b9aca9dc02f5,7
46,Stationary combustion Natural gas,fuel-type_coke_oven_gas-fuel_use_stationary_combustion,Energy,US,2021,286a9169-189b-4c13-aeac-a2048fef824c,7
47,Stationary combustion Natural gas,fuel-type_coke_oven_gas-fuel_use_stationary_combustion,Volume,US,2023,4aa2f1db-7202-44f7-861a-4901d6070a21,7
48,Stationary combustion Natural gas,fuel-type_naphtha-fuel_use_stationary_combustion,Energy,AU,2023,520fb3ba-d911-4036-b81c-1d5f725e0f20,8
49,Stationary combustion Natural gas,fuel-type_naphtha-fuel_use_stationary_combustion,Energy,AU,2023,76e0e83a-f954-44f0-b3b6-836a793b8ddf,8
50,Stationary combustion Natural gas,fuel-type_naphtha-fuel_use_stationary_combustion,Volume,AU,2023,8f18b06d-003a-4713-b3cd-04a1af23781a,8
51,Stationary combustion Natural gas,fuel-type_naphtha-fuel_use_stationary_combustion,Volume,AU,2023,e154b352-4c4d-4e35-996c-c4e46bb6b07f,8
52,Stationary combustion Natural gas,fuel-type_other_oil_gt_401degf-fuel_use_stationary_combustion,Energy,US,2021,c094c88f-b967-4e23-abf3-acffe462a848,9
53,Stationary combustion Natural gas,fuel-type_other_oil_gt_401degf-fuel_use_stationary_combustion,Energy,US,2021,abbc7d8e-80b8-42ca-be99-57602ac937d2,9
54,Stationary combustion Natural gas,fuel-type_other_oil_gt_401degf-fuel_use_stationary_combustion,Energy,US,2024,a7b76039-f917-47d8-b072-c2647fbfeb81,9
55,Stationary combustion Natural gas,fuel-type_other_oil_gt_401degf-fuel_use_stationary_combustion,Volume,US,2021,9319e31c-f624-4154-b8fc-5918dacdccf0,9
56,Stationary combustion Natural gas,fuel-type_other_oil_gt_401degf-fuel_use_stationary_combustion,Volume,US,2023,541c4a82-6149-42f3-bd64-e5ae6d385a97,9
57,Stationary combustion Natural gas,fuel-type_other_oil_gt_401degf-fuel_use_stationary_combustion,Volume,US,2022,55e084bb-6e2a-4de0-8fd4-bf4e304fac33,9
58,Stationary combustion Natural gas,fuel-type_other_oil_gt_401degf-fuel_use_stationary_combustion,Energy,US,2023,1a6db75b-3e4f-4fdb-9fe1-1d25bc632684,9
59,Stationary combustion Natural gas,fuel-type_other_oil_gt_401degf-fuel_use_stationary_combustion,Energy,US,2022,17ceca39-c170-4c62-ba55-8253dbf67746,9
60,Stationary combustion Natural gas,fuel-type_other_oil_gt_401degf-fuel_use_stationary_combustion,Volume,US,2024,92274ab9-01b8-43cc-9030-b98e79a5b109,9
61,Stationary combustion Natural gas,fuel-type_blast_furnace_gas-fuel_use_stationary_combustion,Volume,US,2023,998ef673-fec4-42f8-92a0-395d3fc31201,10
62,Stationary combustion Natural gas,fuel-type_blast_furnace_gas-fuel_use_stationary_combustion,Energy,US,2024,ace3763b-b0eb-4826-ada9-ddd6e11a35ae,10
63,Stationary combustion Natural gas,fuel-type_blast_furnace_gas-fuel_use_stationary_combustion,Volume,US,2024,ab067d9a-54e9-43cf-9acb-62f0a70037d1,10
64,Stationary combustion Natural gas,fuel-type_blast_furnace_gas-fuel_use_stationary_combustion,Energy,US,2023,963019ab-8bad-4518-a5b5-471050d63b71,10
65,Stationary combustion Natural gas,fuel-type_blast_furnace_gas-fuel_use_stationary_combustion,Energy,US,2022,e3c3ee41-de49-4a44-ac09-0b70b3910110,10
66,Stationary combustion Natural gas,fuel-type_blast_furnace_gas-fuel_use_stationary_combustion,Volume,US,2022,80a17d8b-4ae4-4d17-8023-bb955c64a4b6,10
67,Stationary combustion Natural gas,fuel-type_blast_furnace_gas-fuel_use_stationary_combustion,Volume,US,2021,651e9f2b-c380-4494-9af9-130a2ee59bdf,10
68,Stationary combustion Natural gas,fuel-type_blast_furnace_gas-fuel_use_stationary_combustion,Energy,US,2021,06983981-a1ea-4fa0-8c4d-8d788d0f251b,10
69,Stationary combustion Natural gas,fuel-type_blast_furnace_gas-fuel_use_stationary_combustion,Energy,US,2021,8c232caa-a4c3-418b-af9c-cabc998aa06c,10
70,Stationary combustion Natural gas,fuel-type_fuel_gas-fuel_use_stationary_combustion,Energy,US,2023,dbc9e981-113d-481e-b8e5-5e403880b287,11
71,Stationary combustion Natural gas,fuel-type_fuel_gas-fuel_use_stationary_combustion,Energy,US,2022,bf3cce98-8fee-4913-b858-a8c388269463,11
72,Stationary combustion Natural gas,fuel-type_fuel_gas-fuel_use_stationary_combustion,Volume,US,2021,ae8d1aea-1d2a-4880-8f5f-692acdefc284,11
73,Stationary combustion Natural gas,fuel-type_fuel_gas-fuel_use_stationary_combustion,Volume,US,2023,9786de03-b8f0-4ceb-9e74-c948863dbe6e,11
74,Stationary combustion Natural gas,fuel-type_fuel_gas-fuel_use_stationary_combustion,Energy,US,2021,88b6dd65-ccd5-453d-97fb-dc8c849f642f,11
75,Stationary combustion Natural gas,fuel-type_fuel_gas-fuel_use_stationary_combustion,Volume,US,2022,6aa3e12d-9faf-4ff2-96c4-9e35ad05d4d6,11
76,Stationary combustion Natural gas,fuel-type_fuel_gas-fuel_use_stationary_combustion,Energy,US,2024,6222b437-e9ad-4c7f-ad39-848c2b1f47a0,11
77,Stationary combustion Natural gas,fuel-type_fuel_gas-fuel_use_stationary_combustion,Volume,US,2024,5edddcd9-262b-4718-b98b-8bf2baf42c3e,11
78,Stationary combustion Natural gas,fuel-type_fuel_gas-fuel_use_stationary_combustion,Energy,US,2021,455ca8a4-69ed-4fc5-9261-1032891bd339,11
79,Stationary combustion Natural gas,fuel-type_isobutane-fuel_use_stationary_combustion,Energy,US,2021,cf16d0b6-e511-419b-95f7-309170280c92,12
80,Stationary combustion Natural gas,fuel-type_isobutane-fuel_use_stationary_combustion,Energy,US,2021,d38aeb35-4b35-454b-8cf4-1830e8de785c,12
81,Stationary combustion Natural gas,fuel-type_isobutane-fuel_use_stationary_combustion,Energy,US,2022,bff2f503-d36e-4f15-bcff-02cd07959a7f,12
82,Stationary combustion Natural gas,fuel-type_isobutane-fuel_use_stationary_combustion,Energy,US,2023,ab95946d-9b68-4891-bc30-372872c68ec1,12
83,Stationary combustion Natural gas,fuel-type_isobutane-fuel_use_stationary_combustion,Volume,US,2022,0ac78837-b3cc-4204-bd22-7d82b6d770af,12
84,Stationary combustion Natural gas,fuel-type_isobutane-fuel_use_stationary_combustion,Energy,US,2024,36ddf5e4-d5fd-4a2b-ae88-329819f78dcb,12
85,Stationary combustion Natural gas,fuel-type_isobutane-fuel_use_stationary_combustion,Volume,US,2024,2d06e135-8b6d-42a0-adc6-df883b8e5a2a,12
86,Stationary combustion Natural gas,fuel-type_isobutane-fuel_use_stationary_combustion,Volume,US,2021,0690978c-eb2b-4f74-b83c-3ad0404842bc,12
87,Stationary combustion Natural gas,fuel-type_isobutane-fuel_use_stationary_combustion,Volume,US,2023,6d2b3cc3-03f0-4241-a0ae-c566cb26e6f6,12
88,Stationary combustion Natural gas,fuel-type_petroleum_based_products_other-fuel_use_stationary_combustion,Volume,AU,2023,0abda672-9e50-4960-a16c-a4e43657c7f3,13
89,Stationary combustion Natural gas,fuel-type_petroleum_based_products_other-fuel_use_stationary_combustion,Energy,AU,2023,3306c972-38dd-4c5c-9cba-257c3c47575f,13
90,Stationary combustion Natural gas,fuel-type_petroleum_based_products_other-fuel_use_stationary_combustion,Energy,AU,2023,9d37acc5-7ef9-49b0-9a7c-71ee6cc14218,13
91,Stationary combustion Natural gas,fuel-type_petroleum_based_products_other-fuel_use_stationary_combustion,Volume,AU,2023,a8fe6ff8-3a2e-4d16-87c8-d5b10fc0a46b,13
92,Stationary combustion Natural gas,fuel-type_naphtha_lt_401degf-fuel_use_stationary_combustion,Energy,US,2021,c239e6c3-35de-4e9a-b002-5ae2a64976a1,14
93,Stationary combustion Natural gas,fuel-type_naphtha_lt_401degf-fuel_use_stationary_combustion,Energy,US,2022,f1f9b314-3655-4475-bf0c-cdf25a4ef45a,14
94,Stationary combustion Natural gas,fuel-type_naphtha_lt_401degf-fuel_use_stationary_combustion,Volume,US,2024,d9958ae9-0c4b-47bf-a1d4-392c246bcbde,14
95,Stationary combustion Natural gas,fuel-type_naphtha_lt_401degf-fuel_use_stationary_combustion,Energy,US,2024,afa85d7e-2e49-44bc-8a44-74670bdc29d3,14
96,Stationary combustion Natural gas,fuel-type_naphtha_lt_401degf-fuel_use_stationary_combustion,Volume,US,2022,0dc266dd-19ec-4dfe-a6b4-0252c579935b,14
97,Stationary combustion Natural gas,fuel-type_naphtha_lt_401degf-fuel_use_stationary_combustion,Energy,US,2023,5d0930cb-e702-4893-a11c-d6579962820a,14
98,Stationary combustion Natural gas,fuel-type_naphtha_lt_401degf-fuel_use_stationary_combustion,Volume,US,2021,5b286f1f-7bd7-4fb2-9742-4b309c571bf5,14
99,Stationary combustion Natural gas,fuel-type_naphtha_lt_401degf-fuel_use_stationary_combustion,Volume,US,2023,5a51fedd-74d3-4e8d-a7b7-e9fa15af89ff,14
100,Stationary combustion Natural gas,fuel-type_naphtha_lt_401degf-fuel_use_stationary_combustion,Energy,US,2021,9150b59d-2d50-46fd-9879-ff69374fe12f,14
101,Stationary combustion Natural gas,fuel-type_propylene-fuel_use_stationary_combustion,Energy,US,2021,f7f2bff3-deff-45aa-b9bb-c1c5846ce0bc,15
102,Stationary combustion Natural gas,fuel-type_propylene-fuel_use_stationary_combustion,Energy,US,2022,e6fdf75d-005e-49b6-a2e4-d5f003a0f0df,15
103,Stationary combustion Natural gas,fuel-type_propylene-fuel_use_stationary_combustion,Energy,US,2021,c8699c60-0de6-4ae0-8db8-8f284849f233,15
104,Stationary combustion Natural gas,fuel-type_propylene-fuel_use_stationary_combustion,Volume,US,2024,c79657f7-e516-48ba-ab1e-bdd75451e72e,15
105,Stationary combustion Natural gas,fuel-type_propylene-fuel_use_stationary_combustion,Volume,US,2023,9fb61e5e-7abc-49d5-b83c-3d32eddd4801,15
106,Stationary combustion Natural gas,fuel-type_propylene-fuel_use_stationary_combustion,Volume,US,2021,7d226629-39f2-438b-98e7-6409a4368ddc,15
107,Stationary combustion Natural gas,fuel-type_propylene-fuel_use_stationary_combustion,Volume,US,2022,706d1201-fdd1-4d23-9f42-f54878f46241,15
108,Stationary combustion Natural gas,fuel-type_propylene-fuel_use_stationary_combustion,Energy,US,2024,358a6024-3986-4c5f-8806-f602f52affcb,15
109,Stationary combustion Natural gas,fuel-type_propylene-fuel_use_stationary_combustion,Energy,US,2023,06754fc8-bb3f-4a48-8987-386b5856a43f,15
110,Stationary combustion Natural gas,fuel-type_propane_gas-fuel_use_stationary_combustion,Energy,US,2024,fc1808af-a9e6-4f19-86d5-86c83f1f0c16,16
111,Stationary combustion Natural gas,fuel-type_propane_gas-fuel_use_stationary_combustion,Energy,US,2023,de8739f2-36c2-45f4-903d-807217d3308c,16
112,Stationary combustion Natural gas,fuel-type_propane_gas-fuel_use_stationary_combustion,Volume,US,2024,d0e6977d-9d86-44b6-ba14-889e96c69e51,16
113,Stationary combustion Natural gas,fuel-type_propane_gas-fuel_use_stationary_combustion,Energy,US,2022,793837f1-1bc3-4149-a70d-a0db9c17e4d6,16
114,Stationary combustion Natural gas,fuel-type_propane_gas-fuel_use_stationary_combustion,Volume,US,2021,e5d4de1a-adcc-4097-85e2-c441e8993c65,16
115,Stationary combustion Natural gas,fuel-type_propane_gas-fuel_use_stationary_combustion,Energy,US,2021,25a7689e-3a91-4f3b-b873-6092fc025fa6,16
116,Stationary combustion Natural gas,fuel-type_propane_gas-fuel_use_stationary_combustion,Energy,US,2021,1edb4052-954f-4439-ac8a-55afc2ce3d75,16
117,Stationary combustion Natural gas,fuel-type_propane_gas-fuel_use_stationary_combustion,Volume,US,2023,1827aea6-7e8f-41d4-a64c-a199834b1094,16
118,Stationary combustion Natural gas,fuel-type_propane_gas-fuel_use_stationary_combustion,Volume,US,2022,7749a640-1cda-435e-83c2-170d76f0b4b7,16
119,Stationary combustion Natural gas,fuel-type_heavy_gas_oils-fuel_use_stationary_combustion,Volume,US,2024,f74733ea-2539-49f8-b000-af0171142424,17
120,Stationary combustion Natural gas,fuel-type_heavy_gas_oils-fuel_use_stationary_combustion,Energy,US,2021,c577e86c-8acf-45f4-bce1-846cbf27555e,17
121,Stationary combustion Natural gas,fuel-type_heavy_gas_oils-fuel_use_stationary_combustion,Volume,US,2021,ab11c95d-327e-45f9-887e-71f5e2576ce7,17
122,Stationary combustion Natural gas,fuel-type_heavy_gas_oils-fuel_use_stationary_combustion,Volume,US,2022,8a536db3-5f2b-4e0a-9e23-7ff10bb9e9e6,17
123,Stationary combustion Natural gas,fuel-type_heavy_gas_oils-fuel_use_stationary_combustion,Energy,US,2023,f285d7cb-5589-4380-b9e9-522fed1aec74,17
124,Stationary combustion Natural gas,fuel-type_heavy_gas_oils-fuel_use_stationary_combustion,Energy,US,2021,2cffef27-bd13-463f-b8d4-a300ce079ebc,17
125,Stationary combustion Natural gas,fuel-type_heavy_gas_oils-fuel_use_stationary_combustion,Energy,US,2022,1d05978c-7788-43ab-9d5d-628e484984a3,17
126,Stationary combustion Natural gas,fuel-type_heavy_gas_oils-fuel_use_stationary_combustion,Volume,US,2023,16c656f7-86a1-4d3d-83dc-787746f9490a,17
127,Stationary combustion Natural gas,fuel-type_heavy_gas_oils-fuel_use_stationary_combustion,Energy,US,2024,732410e5-edba-4d48-bbf0-ea0e52b39d06,17
128,Stationary combustion Natural gas,fuel-type_natural_gasoline-fuel_use_stationary_combustion,Energy,US,2024,1691c980-d88f-4a56-ba78-b7dc056a578e,18
129,Stationary combustion Natural gas,fuel-type_natural_gasoline-fuel_use_stationary_combustion,Energy,US,2021,384bdf50-99e2-471c-902e-54f5255a02af,18
130,Stationary combustion Natural gas,fuel-type_natural_gasoline-fuel_use_stationary_combustion,Energy,US,2021,43512d28-8d3c-4753-8f78-015d5d6a982a,18
131,Stationary combustion Natural gas,fuel-type_natural_gasoline-fuel_use_stationary_combustion,Volume,US,2022,642eb669-1009-4146-b392-46fb7c25b176,18
132,Stationary combustion Natural gas,fuel-type_natural_gasoline-fuel_use_stationary_combustion,Energy,US,2023,6bff60a9-a58d-4f7b-bccc-ceb092c7612d,18
133,Stationary combustion Natural gas,fuel-type_natural_gasoline-fuel_use_stationary_combustion,Volume,US,2023,92c89078-4044-4d4c-8953-664bced3afb0,18
134,Stationary combustion Natural gas,fuel-type_natural_gasoline-fuel_use_stationary_combustion,Energy,US,2022,a6258086-68c8-457d-a31e-f4e8a6191a86,18
135,Stationary combustion Natural gas,fuel-type_natural_gasoline-fuel_use_stationary_combustion,Volume,US,2021,bbfab483-48b8-447b-9f43-aa7aa4597b8e,18
136,Stationary combustion Natural gas,fuel-type_natural_gasoline-fuel_use_stationary_combustion,Volume,US,2024,dfc78983-064c-44f3-80d7-e3c238465876,18
137,Stationary combustion Natural gas,fuel-type_heating_oil-fuel_use_stationary_combustion,Volume,DE,2015,eb4c4e7a-901a-4bf1-a432-1c4084ed3a83,19
138,Stationary combustion Natural gas,fuel-type_heating_oil-fuel_use_stationary_combustion,Energy,AU,2023,988afae6-9d3a-400f-89c4-460f41e31fa8,19
139,Stationary combustion Natural gas,fuel-type_heating_oil-fuel_use_stationary_combustion,Volume,AU,2023,e5d7caad-c576-4351-818e-14ce8e0734a4,19
140,Stationary combustion Natural gas,fuel-type_heating_oil-fuel_use_stationary_combustion,Volume,AU,2023,15832f46-fcad-4f1d-85b7-dae75d18aa62,19
141,Stationary combustion Natural gas,fuel-type_heating_oil-fuel_use_stationary_combustion,Energy,AU,2023,1f8cc406-8460-4625-b653-6bd677317497,19
142,Stationary combustion Natural gas,fuel-type_liquefied_petroleum_gases_lpg-fuel_use_stationary_combustion,Energy,US,2021,0897cb23-ef03-4f5a-bf51-a1495bc01e25,20
143,Stationary combustion Natural gas,fuel-type_liquefied_petroleum_gases_lpg-fuel_use_stationary_combustion,Energy,US,2023,12b92606-b1fe-4cab-b2b8-450dfa7e5a7f,20
144,Stationary combustion Natural gas,fuel-type_liquefied_petroleum_gases_lpg-fuel_use_stationary_combustion,Volume,US,2023,2f988726-5e89-41fe-8544-6a121dcb8432,20
145,Stationary combustion Natural gas,fuel-type_liquefied_petroleum_gases_lpg-fuel_use_stationary_combustion,Energy,US,2024,3d126101-7b18-4118-8da9-e4f4aa8101b2,20
146,Stationary combustion Natural gas,fuel-type_liquefied_petroleum_gases_lpg-fuel_use_stationary_combustion,Volume,US,2024,54811906-3b4d-42b3-b958-250e74aae15b,20
147,Stationary combustion Natural gas,fuel-type_liquefied_petroleum_gases_lpg-fuel_use_stationary_combustion,Volume,US,2021,5dd03f6b-90dd-4319-aeb5-7813edc5f9c2,20
148,Stationary combustion Natural gas,fuel-type_liquefied_petroleum_gases_lpg-fuel_use_stationary_combustion,Volume,US,2022,718c3460-cdee-4b68-9f6b-d0628ee2db3f,20
149,Stationary combustion Natural gas,fuel-type_liquefied_petroleum_gases_lpg-fuel_use_stationary_combustion,Energy,US,2022,dd590230-a48e-4d51-b9fa-3812fc8800a8,20
150,Stationary combustion Natural gas,fuel-type_isobutylene-fuel_use_stationary_combustion,Energy,US,2021,ecce87a7-9a94-48b9-b51d-7df69576ba99,21
151,Stationary combustion Natural gas,fuel-type_isobutylene-fuel_use_stationary_combustion,Energy,US,2023,cc53b848-e6f3-44c8-b853-88998bd77202,21
152,Stationary combustion Natural gas,fuel-type_isobutylene-fuel_use_stationary_combustion,Volume,US,2022,c296a975-9744-4e4f-a49e-7b74777df18a,21
153,Stationary combustion Natural gas,fuel-type_isobutylene-fuel_use_stationary_combustion,Energy,US,2021,c0bd1b29-bc4c-4110-9c92-bb64f1d2b42a,21
154,Stationary combustion Natural gas,fuel-type_isobutylene-fuel_use_stationary_combustion,Volume,US,2021,523128a6-4452-4fb1-95ec-eab99aa1980b,21
155,Stationary combustion Natural gas,fuel-type_isobutylene-fuel_use_stationary_combustion,Volume,US,2023,5705ed70-0841-474d-86ff-526baebc5978,21
156,Stationary combustion Natural gas,fuel-type_isobutylene-fuel_use_stationary_combustion,Energy,US,2024,3a879799-fa52-400f-9162-e013610f5143,21
157,Stationary combustion Natural gas,fuel-type_isobutylene-fuel_use_stationary_combustion,Energy,US,2022,769ae64a-998c-45c1-a75c-ef58b137ae70,21
158,Stationary combustion Natural gas,fuel-type_isobutylene-fuel_use_stationary_combustion,Volume,US,2024,462fc07b-06ba-4f9a-ada1-5be3b483dabb,21
159,Stationary combustion Natural gas,fuel-type_ethane-fuel_use_stationary_combustion,Volume,US,2022,fd27c998-6309-4dda-94c5-b420614000b2,22
160,Stationary combustion Natural gas,fuel-type_ethane-fuel_use_stationary_combustion,Volume,US,2024,d8ccf87d-d10f-49c8-92a0-2099794a4f6c,22
161,Stationary combustion Natural gas,fuel-type_ethane-fuel_use_stationary_combustion,Energy,US,2021,f5aed05d-4d5d-4e07-8ab6-289c585c8fe5,22
162,Stationary combustion Natural gas,fuel-type_ethane-fuel_use_stationary_combustion,Energy,US,2022,f26cebc0-e695-469b-a0cb-a9bd841cb3c8,22
163,Stationary combustion Natural gas,fuel-type_ethane-fuel_use_stationary_combustion,Energy,US,2024,8c978d18-f5c2-42ad-92ed-3702632686eb,22
164,Stationary combustion Natural gas,fuel-type_ethane-fuel_use_stationary_combustion,Energy,US,2021,788109ef-f252-4d8f-9eae-3b2acbc6a3ad,22
165,Stationary combustion Natural gas,fuel-type_ethane-fuel_use_stationary_combustion,Energy,US,2023,4304d9f5-6feb-4a59-97ea-2b6213787b1f,22
166,Stationary combustion Natural gas,fuel-type_ethane-fuel_use_stationary_combustion,Volume,US,2023,02d6af7e-4d7a-4270-bcf1-6f6885da7cd2,22
167,Stationary combustion Natural gas,fuel-type_ethane-fuel_use_stationary_combustion,Volume,US,2021,a713142c-e1c8-4cf6-bbea-833e85f7a982,22
168,Stationary combustion Natural gas,fuel-type_propane-fuel_use_stationary_combustion,Volume,US,2021,ff54c7bd-5744-4a94-bc64-cd905d82163f,23
169,Stationary combustion Natural gas,fuel-type_propane-fuel_use_stationary_combustion,Volume,US,2022,b62e5fa3-c619-44af-8e73-e566b2cd94fc,23
170,Stationary combustion Natural gas,fuel-type_propane-fuel_use_stationary_combustion,Energy,US,2023,861c5896-abf4-447f-885f-1e559dbe576c,23
171,Stationary combustion Natural gas,fuel-type_propane-fuel_use_stationary_combustion,Energy,US,2024,7048f212-8c50-4797-83ff-757b7aa8c009,23
172,Stationary combustion Natural gas,fuel-type_propane-fuel_use_stationary_combustion,Energy,US,2021,9f4b8b7a-12c4-4862-8f49-7f672ce9eb53,23
173,Stationary combustion Natural gas,fuel-type_propane-fuel_use_stationary_combustion,Volume,US,2023,57c3b3ba-fb18-494a-8ace-e3e64fc2a61c,23
174,Stationary combustion Natural gas,fuel-type_propane-fuel_use_stationary_combustion,Energy,US,2022,44c13a23-8a37-46e7-a431-db3a150762c9,23
175,Stationary combustion Natural gas,fuel-type_propane-fuel_use_stationary_combustion,Energy,US,2021,3327931c-5862-4caa-a911-dc5ba306e68e,23
176,Stationary combustion Natural gas,fuel-type_propane-fuel_use_stationary_combustion,Volume,US,2024,5c9d73f4-b5b8-4aaa-baf0-dcf35894a7cc,23
177,Stationary combustion Natural gas,fuel-type_liquefied_aromatic_hydrocarbons-fuel_use_stationary_combustion,Volume,AU,2023,62b7d0c7-0f3e-42cd-b763-ffbe222836bf,24
178,Stationary combustion Natural gas,fuel-type_liquefied_aromatic_hydrocarbons-fuel_use_stationary_combustion,Energy,AU,2023,95dec867-d42f-4fb9-8bf3-24bd65469fd9,24
179,Stationary combustion Natural gas,fuel-type_liquefied_aromatic_hydrocarbons-fuel_use_stationary_combustion,Energy,AU,2023,b2d51cf0-030d-4b39-be8b-d1d20943df72,24
180,Stationary combustion Natural gas,fuel-type_liquefied_aromatic_hydrocarbons-fuel_use_stationary_combustion,Volume,AU,2023,bad5c5c4-c643-47a6-a098-3df618cf043e,24
181,Stationary combustion Natural gas,fuel-type_liquefied_petroleum_gas-fuel_use_stationary_combustion,Volume,AU,2023,a75deab6-3588-4ecc-933a-fa8a0da3a6fc,25
182,Stationary combustion Natural gas,fuel-type_liquefied_petroleum_gas-fuel_use_stationary_combustion,Volume,AU,2023,4ddfd42e-6c4f-43f9-a335-b6cadc61ea92,25
183,Stationary combustion Natural gas,fuel-type_liquefied_petroleum_gas-fuel_use_stationary_combustion,Energy,AU,2023,875c8915-c8a6-4bfb-ab2a-9daaf2fdb86d,25
184,Stationary combustion Natural gas,fuel-type_liquefied_petroleum_gas-fuel_use_stationary_combustion,Energy,AU,2023,bc2d375f-42e7-43b7-b7b1-de91f6d8ed9f,25